"contest_num","nickname","min(passed_time)"
1,"0991798574n",277380
1,"148512",14220
1,"8michelle_weiss",352020
1,Alexander429,415380
1,Alexander_Koshelev,110520
1,AlinaZemlev,78300
1,Andrei_Belenko,452340
1,Anise,93060
1,AntonRampage,68460
1,Arhimisha,109800
1,Artem1989,3600
1,ArtemTsukanov,82500
1,Artem_Dronov,4140
1,Asd_zxc,17220
1,Aver_Power,170340
1,Azamat_sab,42060
1,BasharovIlya,364740
1,BigBossPikachu,267780
1,Bugi_bugi,195060
1,CoolHawk,248520
1,Cosinus0,58560
1,DeutschGraf,5580
1,Dexter0,66300
1,DiSO,15060
1,DmitryDS,18960
1,EgorSavkin,7980
1,Egorokm19,65220
1,EienKotowaru,18060
1,FarSir,7320
1,Fianketto,20100
1,Gra37,74460
1,GreySS,11940
1,Huk_er,17760
1,IMDxD,88620
1,IVyazmin,85860
1,Ignatych,372180
1,IlyaPCP,64020
1,IlyasLatypov,8340
1,Jeditem,113700
1,JessSmith,8280
1,JunkieStyle,434460
1,JustML,7560
1,Karvenko,13800
1,KernelA,7020
1,KilAgen,5040
1,Kizz,7500
1,KotikKo,12360
1,KuznetsovLeonid,177300
1,Lubov_Kudrenok,199020
1,LunatiP,433860
1,MakhmutovaLiliya,5340
1,Malahai,420
1,MargaritaNik,35640
1,Mary222,16200
1,Mornie,15780
1,Mykolesiko,18900
1,Nubithenoob,83400
1,Oleg__Trusov,7500
1,PavelMeld,171660
1,Pavel_shalnov,100860
1,PetrYurchenko,17940
1,PustotaPetr,145980
1,Pyo,80220
1,Rammi,73500
1,Ripper_1011,960
1,RoZa,7080
1,Robur,172320
1,S.Suhantsev,70140
1,Safin,163020
1,SergeyNefedov,2100
1,Sevarius,104820
1,ShevchukAlex,173760
1,Sokoloid,102000
1,Toks,24900
1,Unmagian,106200
1,UsatiyNyan,192300
1,Vanster,184800
1,Vetik,87120
1,VirHos,256800
1,Wag0nWheels,91380
1,Yanina_K,14760
1,Ziby1010,63420
1,Zmeyoff,120480
1,__Andrewy__,59940
1,_ctacukoc_,9660
1,a.m.tsitulskiy,194460
1,a.starikov,7560
1,abramova.katia,7680
1,achurkin,85860
1,adement,255300
1,adil17ds,97920
1,ainureg,111660
1,albert_goryaeff,9900
1,alekandr.tarelkin,152340
1,alekxd,75180
1,alexandrpankratov9,780
1,alexey_opolchenov,179880
1,alexeydukhovich,510540
1,alexiv95.95,9180
1,aliaksandr.shcharbitski,17880
1,alibek_lfc,274440
1,alimantu,373620
1,alishabr,66540
1,ananasnya,85500
1,andreiAP,321780
1,andrey91,7980
1,androidegsensation,456900
1,aniko,30540
1,ann_gerasimchik,76200
1,anyamb,38340
1,aorew,266460
1,artfowl,74580
1,artysav97,81540
1,asv715,66720
1,asviel,100020
1,asyash26,94920
1,azapletin,80220
1,babina.daria,22140
1,badlo_v,175500
1,berlios,282540
1,biquaternion,35820
1,birlikov,145080
1,brutalfacepalm,65700
1,cherninkiy,100140
1,cmepthbiu,85920
1,cvetvitaly,154200
1,cyrus_msk,105780
1,d.a.gornostaev,364140
1,d.pronin,287220
1,danya_hm,76020
1,dertty,337680
1,dimared,347340
1,dirvuk,88200
1,dkulemin,74340
1,dmitri.silantiev,82920
1,dmitry.okhotnikov,142140
1,dominator124,7500
1,dyakin.nikolay,13440
1,easyguy_made,61800
1,empty_kettle,292740
1,erik_mv,12420
1,ermekaitygulov,153720
1,evgenyto,99540
1,evgerher1,5880
1,exotol,12600
1,fahenrgeit,52980
1,fiztehno,61860
1,fizyamat,15720
1,fizz.buzz,26400
1,folkl,67800
1,fomin.fyodor,175800
1,frantotti,10200
1,garistvlad,119640
1,gimme_danger,1740
1,gosix22,13020
1,griddic,299640
1,gruzenko.e,3420
1,hanna_by,93840
1,happycookie,341580
1,happyhooter,62580
1,heaphop,86760
1,iavdonin,154920
1,ildarcho,187800
1,ilya_milyutin,320640
1,impersonalis,30840
1,indigo7,456840
1,ioiein,58920
1,irina_shch,11400
1,irinka_ta,188100
1,ivangood67,68640
1,ivkonst,426900
1,kadetfrolov,17700
1,kaip,111660
1,kat6123,96240
1,kay_si,285660
1,kbrodt,21540
1,kepolol,75720
1,ketzer,15720
1,kirillmakarovmain,261840
1,kpotoh,255480
1,krtch,262560
1,krveronika0191,149340
1,ksizova,354300
1,kudriashovs,174720
1,kuksha,86400
1,lKoteuka,2100
1,lainer991,19560
1,laol777,9180
1,lena.antonova,348480
1,linatka,447900
1,liza.avsyannik,1380
1,llevcono,158700
1,m.shalankin,600
1,magleb,5400
1,makhanko.maksim89,156060
1,mapryl,74520
1,markhubbatulin,281880
1,marsenyi,91260
1,maryia,17760
1,mat90x,329460
1,matiiv,69180
1,maxima1ist,16920
1,maximkermit,101340
1,miffka1992,179160
1,mikhail.gashkov,53880
1,mirpulatov,244560
1,mivankin,21240
1,mlyundin,6240
1,mmcclure,72360
1,munin.evgenii,6300
1,mzav,11640
1,n_makarevi4,542520
1,nati,12300
1,naumovsk,38400
1,neurophysicist,1560
1,ngkishmaria,6600
1,nordream,55320
1,norron,267240
1,novokolg,9300
1,nurrik,360780
1,obatek,77400
1,obkyrush,9000
1,okate88,180000
1,old.flanigan,255000
1,oleg.osipov,113400
1,oleg_nazarov,76680
1,olegshchegolev,32700
1,olga.novitskaya,158700
1,ooptyp,87720
1,pankratova.dasha,95040
1,pikadzilla,226320
1,pilnakot,86940
1,plato_001,260520
1,plokoon,6240
1,polikutinevgeny,46200
1,pollytur,522660
1,polovnikovpv,7920
1,qmakar,162900
1,raisedtoward,524460
1,robspb,282540
1,rodion.latypov,25620
1,roman.4erkasov,36420
1,roman.novokshanov,10980
1,rritka,15300
1,rsnetkov,83880
1,rudwell,900
1,ryabart,78420
1,sabraganets,27240
1,semenalekhin,529200
1,senior-sigan,10260
1,sera,91920
1,sergey_msu,69900
1,sergeyryabukhin,77520
1,shatty,10260
1,shnon_bell,249060
1,shubinsa,112020
1,sinyaevmaxim,13920
1,siraziev,4440
1,soldatenkoes,157620
1,somal,516360
1,soslan.tabuev,1800
1,spin_to_win,261000
1,sviatoslavteslenko,149400
1,teazizov,83280
1,tgolubeva,259140
1,titika2013,86040
1,tohich51,269220
1,torrero,85980
1,toryinside,83520
1,ubivawka,75900
1,user_vi,4320
1,v.lenshin,29040
1,v.makarenko,17700
1,vasikos,237540
1,vbrn,13680
1,viconstel,241920
1,vivaXAPOH,95100
1,vkorennoj,252360
1,vl.n.ermakov,107580
1,vladimirzenin,109200
1,vlbakulev,73920
1,void_signal,7020
1,vovchik_zh,264720
1,vzava,98400
1,wrath90,13260
1,wunder9l,361320
1,x-exciter,144060
1,xluttiy,56880
1,ya_demidova,111300
1,yahor_gerasimovich,188160
1,yakorovka,20880
1,yashinrostislav,76620
1,yunusovev,357900
1,zitimalex,8100
1,zmazak0,109680
2,"0991798574n",79560
2,"148512",6540
2,"8michelle_weiss",86520
2,Alexander429,183360
2,Alexander_Koshelev,70080
2,AlinaZemlev,327840
2,Andrei_Belenko,17340
2,Anise,1500
2,AntonRampage,102000
2,Arhimisha,365940
2,Artem1989,24720
2,ArtemTsukanov,83100
2,Artem_Dronov,9000
2,Asd_zxc,198420
2,Aver_Power,247980
2,Azamat_sab,6360
2,BasharovIlya,519720
2,BigBossPikachu,422940
2,Bugi_bugi,375600
2,CoolHawk,534240
2,Cosinus0,150540
2,DeutschGraf,108900
2,Dexter0,84480
2,DiSO,432840
2,DmitryDS,65100
2,EgorSavkin,11880
2,Egorokm19,160440
2,EienKotowaru,14040
2,FarSir,9000
2,Fianketto,16320
2,Gra37,112800
2,GreySS,373500
2,IMDxD,13980
2,IVyazmin,74520
2,Ignatych,526380
2,IlyaPCP,67500
2,IlyasLatypov,18180
2,Jeditem,373200
2,JessSmith,28500
2,JustML,88740
2,Karvenko,16620
2,KernelA,7020
2,KilAgen,70260
2,Kizz,69420
2,KotikKo,184800
2,KuznetsovLeonid,246720
2,Lubov_Kudrenok,89340
2,MakhmutovaLiliya,147060
2,Malahai,1800
2,MargaritaNik,32100
2,Mary222,99000
2,Mornie,25740
2,Mykolesiko,117420
2,Nubithenoob,362940
2,Oleg__Trusov,6600
2,PavelMeld,190140
2,Pavel_shalnov,94560
2,PetrYurchenko,67200
2,Ploffi,531720
2,PustotaPetr,74100
2,Pyo,26880
2,Rammi,170400
2,Ripper_1011,82080
2,RoZa,4200
2,Robur,113100
2,S.Suhantsev,10920
2,Safin,264720
2,SergeyNefedov,6720
2,Sevarius,183180
2,ShevchukAlex,196680
2,Sokoloid,157140
2,Toks,3180
2,Unmagian,283560
2,Vanster,284340
2,Vetik,335220
2,VirHos,258780
2,Wag0nWheels,149100
2,Yanina_K,288180
2,Ziby1010,106320
2,Zmeyoff,96060
2,_ctacukoc_,3720
2,a.m.tsitulskiy,274620
2,a.starikov,11700
2,abramova.katia,160020
2,achurkin,86820
2,adement,99600
2,adil17ds,179040
2,ainureg,208440
2,albert_goryaeff,90180
2,alekandr.tarelkin,67140
2,alekxd,242640
2,alexandrpankratov9,61500
2,alexey_opolchenov,169800
2,alexeydukhovich,80820
2,alexiv95.95,280500
2,aliaksandr.shcharbitski,68340
2,alibek_lfc,341280
2,alimantu,501060
2,alishabr,4680
2,ananasnya,164700
2,andreiAP,179880
2,andrey91,105780
2,androidegsensation,451020
2,aniko,17160
2,ann_gerasimchik,82560
2,anyamb,223140
2,aorew,188820
2,artfowl,94020
2,artysav97,204420
2,asv715,2280
2,asviel,269640
2,asyash26,91020
2,azapletin,363360
2,babina.daria,100440
2,badlo_v,192360
2,berlios,261060
2,biquaternion,287400
2,birlikov,182760
2,brutalfacepalm,111120
2,cherninkiy,265560
2,cmepthbiu,72840
2,cvetvitaly,17820
2,cyrus_msk,74040
2,d.a.gornostaev,17040
2,d.pronin,377220
2,danya_hm,181560
2,dertty,177600
2,dimared,256920
2,dirvuk,281340
2,dkulemin,20640
2,dmitri.silantiev,96000
2,dmitry.okhotnikov,63000
2,dominator124,5040
2,dyakin.nikolay,18180
2,easyguy_made,15480
2,empty_kettle,343140
2,erik_mv,13020
2,ermekaitygulov,252660
2,evgenyto,194100
2,evgerher1,73980
2,exotol,20880
2,fahenrgeit,16620
2,fiztehno,183480
2,fizyamat,1080
2,fizz.buzz,83580
2,folkl,4920
2,fomin.fyodor,257580
2,frantotti,258540
2,garistvlad,188280
2,gimme_danger,73920
2,gosix22,25560
2,hanna_by,280800
2,happycookie,15000
2,happyhooter,4800
2,heaphop,356220
2,iavdonin,411840
2,ildarcho,97920
2,ilya_milyutin,458340
2,impersonalis,31080
2,indigo7,540600
2,ioiein,16560
2,irina_shch,11040
2,irinka_ta,273240
2,ivangood67,6120
2,ivkonst,528360
2,kadetfrolov,182820
2,kaip,348420
2,kapibaara,183120
2,kat6123,243360
2,kay_si,105540
2,kbrodt,26340
2,kepolol,191340
2,ketzer,75360
2,kpotoh,28380
2,krtch,520020
2,krveronika0191,247740
2,ksizova,183780
2,kudriashovs,250320
2,kuksha,240780
2,lKoteuka,540
2,lainer991,357900
2,laol777,253680
2,lena.antonova,533160
2,linatka,531060
2,liza.avsyannik,70020
2,llevcono,510180
2,m.shalankin,423180
2,magleb,360300
2,makhanko.maksim89,7440
2,mapryl,339480
2,markhubbatulin,292260
2,marsenyi,4680
2,maryia,9420
2,mat90x,528660
2,matiiv,277980
2,maxima1ist,5040
2,miffka1992,194280
2,mikhail.gashkov,62640
2,mivankin,6120
2,mlyundin,11940
2,mmcclure,146400
2,munin.evgenii,5460
2,mzav,538560
2,n_makarevi4,539760
2,nati,7200
2,naumovsk,68400
2,neurophysicist,72960
2,ngkishmaria,2460
2,ningeen,158700
2,nordream,100440
2,norron,352200
2,novokolg,276000
2,nurrik,529620
2,obatek,88200
2,obkyrush,3420
2,okate88,251040
2,old.flanigan,416940
2,oleg.osipov,369480
2,oleg_nazarov,220800
2,olegshchegolev,118080
2,olga.novitskaya,14760
2,ooptyp,112260
2,pankratova.dasha,26640
2,pikadzilla,4440
2,plato_001,183360
2,plokoon,480
2,polikutinevgeny,52560
2,pollytur,533100
2,polovnikovpv,280980
2,qmakar,449640
2,raisedtoward,528180
2,robspb,5220
2,rodion.latypov,88440
2,roman.4erkasov,72360
2,roman.novokshanov,7080
2,rritka,194400
2,rsnetkov,155340
2,rudwell,1200
2,sabraganets,27540
2,semenalekhin,526260
2,senior-sigan,66300
2,sera,13920
2,sergey_msu,104700
2,sergeyryabukhin,379740
2,shatty,361500
2,shnon_bell,190920
2,shubinsa,222660
2,sinyaevmaxim,306480
2,siraziev,194520
2,soldatenkoes,332160
2,somal,189060
2,soslan.tabuev,21660
2,spin_to_win,446220
2,sviatoslavteslenko,250140
2,teazizov,275400
2,tgolubeva,319440
2,titika2013,145380
2,tohich51,190140
2,torrero,131460
2,toryinside,4440
2,ubivawka,56460
2,user_vi,411000
2,v.lenshin,98520
2,vasikos,97680
2,vbrn,434280
2,viconstel,102840
2,vivaXAPOH,245280
2,vkorennoj,254280
2,vl.n.ermakov,432360
2,vladimirzenin,202680
2,vlbakulev,146520
2,void_signal,75720
2,vovchik_zh,458880
2,vzava,439680
2,wrath90,185400
2,wunder9l,20700
2,x-exciter,224220
2,xluttiy,14940
2,ya_demidova,113340
2,yakorovka,12180
2,yashinrostislav,174900
2,yunusovev,283500
2,zitimalex,4020
2,zmazak0,275580
3,"0991798574n",74760
3,"148512",230220
3,"8michelle_weiss",247140
3,Alexander429,278580
3,Alexander_Koshelev,80940
3,AlinaZemlev,73920
3,Andrei_Belenko,475500
3,Anise,82260
3,AntonRampage,181680
3,Arhimisha,285120
3,Artem1989,32460
3,ArtemTsukanov,12240
3,Artem_Dronov,7440
3,Aver_Power,157020
3,Azamat_sab,14340
3,BasharovIlya,458100
3,BigBossPikachu,457260
3,Bugi_bugi,459660
3,CoolHawk,338400
3,Cosinus0,161100
3,DeutschGraf,336240
3,Dexter0,17280
3,DiSO,328440
3,DmitryDS,13080
3,EgorSavkin,6960
3,Egorokm19,176580
3,EienKotowaru,69600
3,FarSir,86760
3,Fianketto,19740
3,Gra37,375420
3,GreySS,199980
3,IMDxD,12240
3,IVyazmin,73440
3,Ignatych,537360
3,IlyaPCP,96420
3,IlyasLatypov,15720
3,Jeditem,258900
3,JessSmith,104640
3,JustML,60660
3,Karvenko,26880
3,KernelA,63540
3,KilAgen,89400
3,Kizz,9660
3,KotikKo,446040
3,KuznetsovLeonid,440760
3,Lubov_Kudrenok,100260
3,MakhmutovaLiliya,11040
3,Malahai,76620
3,MargaritaNik,294960
3,Mary222,188100
3,Mornie,12360
3,Mykolesiko,329520
3,Nubithenoob,108840
3,Oleg__Trusov,67500
3,PavelMeld,187200
3,Pavel_shalnov,269400
3,PetrYurchenko,75600
3,Ploffi,509460
3,PustotaPetr,188700
3,Pyo,11100
3,Rammi,90180
3,Ripper_1011,166440
3,RoZa,164160
3,Robur,18300
3,Safin,262680
3,SergeyNefedov,9420
3,Sevarius,8280
3,ShevchukAlex,328380
3,Sokoloid,179700
3,Toks,272100
3,Unmagian,350700
3,Vanster,355920
3,Vetik,82620
3,VirHos,63900
3,Wag0nWheels,200280
3,Yanina_K,434220
3,Ziby1010,288780
3,Zmeyoff,245580
3,_ctacukoc_,12240
3,a.starikov,48480
3,abramova.katia,19200
3,achurkin,350040
3,adement,16380
3,adil17ds,103380
3,ainureg,230340
3,albert_goryaeff,201720
3,alekandr.tarelkin,14400
3,alekxd,255840
3,alexandrpankratov9,513960
3,alexey_opolchenov,177900
3,alexeydukhovich,283380
3,alexiv95.95,527880
3,aliaksandr.shcharbitski,76980
3,alibek_lfc,343560
3,alimantu,376020
3,alishabr,82920
3,ananasnya,72840
3,andreiAP,106200
3,andrey91,71520
3,androidegsensation,514680
3,aniko,12480
3,ann_gerasimchik,152280
3,anyamb,313320
3,aorew,9660
3,artfowl,82620
3,artysav97,98700
3,asv715,10080
3,asviel,454920
3,asyash26,72000
3,azapletin,370380
3,babina.daria,19080
3,badlo_v,194400
3,berlios,195300
3,biquaternion,279360
3,birlikov,235200
3,brutalfacepalm,104460
3,cherninkiy,9000
3,cmepthbiu,231300
3,cvetvitaly,94380
3,cyrus_msk,184260
3,d.a.gornostaev,268620
3,d.pronin,369120
3,danya_hm,142560
3,dertty,528240
3,dimared,340080
3,dirvuk,100440
3,dkulemin,160140
3,dmitri.silantiev,98880
3,dmitry.okhotnikov,11580
3,dominator124,18060
3,dyakin.nikolay,12420
3,empty_kettle,362520
3,erik_mv,276780
3,ermekaitygulov,153120
3,evgenyto,109980
3,evgerher1,20040
3,exotol,15000
3,fahenrgeit,62340
3,fiztehno,322980
3,fizyamat,25620
3,fizz.buzz,109260
3,folkl,109080
3,fomin.fyodor,92460
3,frantotti,198600
3,garistvlad,122460
3,gimme_danger,109620
3,gosix22,75000
3,hanna_by,363420
3,happycookie,20340
3,happyhooter,7020
3,heaphop,336480
3,iavdonin,325860
3,ildarcho,70080
3,ilya_milyutin,368040
3,impersonalis,29580
3,indigo7,501960
3,ioiein,103440
3,irina_shch,184380
3,irinka_ta,272220
3,ivangood67,72420
3,ivkonst,534900
3,kadetfrolov,12540
3,kaip,112320
3,kapibaara,142620
3,kat6123,274740
3,kay_si,256980
3,kbrodt,25620
3,kepolol,91320
3,ketzer,4440
3,kpotoh,277200
3,krtch,249000
3,krveronika0191,337980
3,ksizova,278520
3,kudriashovs,155820
3,lKoteuka,13140
3,lainer991,345360
3,laol777,71340
3,lena.antonova,513480
3,linatka,530580
3,liza.avsyannik,76020
3,llevcono,349740
3,m.shalankin,78240
3,magleb,311400
3,makhanko.maksim89,86400
3,mapryl,355080
3,markhubbatulin,239220
3,marsenyi,69360
3,maryia,194520
3,mat90x,533220
3,matiiv,227160
3,maxima1ist,9180
3,mikhail.gashkov,56760
3,mivankin,17580
3,mlyundin,21840
3,mmcclure,4860
3,munin.evgenii,10800
3,mzav,542520
3,nati,34440
3,naumovsk,41640
3,neurophysicist,78720
3,ngkishmaria,10980
3,ningeen,176700
3,nordream,17940
3,norron,351780
3,nurrik,534900
3,obatek,8220
3,obkyrush,164400
3,okate88,304380
3,old.flanigan,173160
3,oleg.osipov,107760
3,oleg_nazarov,292320
3,olegshchegolev,293340
3,olga.novitskaya,353640
3,ooptyp,70620
3,pankratova.dasha,88860
3,pikadzilla,247860
3,plato_001,441360
3,plokoon,13560
3,polikutinevgeny,42060
3,pollytur,534480
3,polovnikovpv,465180
3,raisedtoward,500700
3,robspb,196860
3,rodion.latypov,467340
3,roman.4erkasov,101100
3,roman.novokshanov,268800
3,rritka,254160
3,rsnetkov,151740
3,rudwell,457080
3,s.khabenko,27540
3,sabraganets,21660
3,senior-sigan,266760
3,sera,81240
3,sergey_msu,15540
3,sergeyryabukhin,101940
3,shatty,322800
3,shnon_bell,344100
3,shubinsa,452520
3,sinyaevmaxim,312000
3,siraziev,174900
3,soldatenkoes,235620
3,somal,340020
3,soslan.tabuev,330720
3,spin_to_win,271080
3,teazizov,175200
3,tgolubeva,365100
3,titika2013,251280
3,tohich51,189060
3,torrero,95160
3,toryinside,13200
3,ubivawka,66360
3,user_vi,71940
3,v.lenshin,153840
3,vasikos,88380
3,viconstel,182340
3,vivaXAPOH,10440
3,vkorennoj,162120
3,vl.n.ermakov,280380
3,vladimirzenin,199140
3,vlbakulev,74580
3,void_signal,23940
3,vovchik_zh,538020
3,vzava,258240
3,wrath90,89700
3,wunder9l,76920
3,x-exciter,14700
3,xluttiy,31080
3,ya_demidova,266040
3,yakorovka,93180
3,yashinrostislav,104400
3,yunusovev,283500
3,zitimalex,99720
3,zmazak0,365880
4,"0991798574n",186360
4,"148512",110880
4,"8michelle_weiss",538800
4,Alexander429,466980
4,Alexander_Koshelev,108000
4,AlinaZemlev,262380
4,Andrei_Belenko,541500
4,Anise,182160
4,Arhimisha,456000
4,Artem1989,103260
4,ArtemTsukanov,12960
4,Artem_Dronov,101460
4,Asd_zxc,406560
4,Aver_Power,171240
4,Azamat_sab,43020
4,BigBossPikachu,419760
4,CoolHawk,271440
4,Cosinus0,155580
4,DeutschGraf,432780
4,Dexter0,146760
4,DiSO,498300
4,DmitryDS,12540
4,EgorSavkin,16320
4,Egorokm19,157320
4,EienKotowaru,179460
4,Fianketto,13620
4,Gra37,463380
4,GreySS,271800
4,IMDxD,69900
4,IVyazmin,26700
4,Ignatych,459600
4,IlyaPCP,86580
4,IlyasLatypov,398640
4,Jeditem,347100
4,JessSmith,519240
4,JustML,117840
4,Karvenko,27600
4,KernelA,14580
4,KilAgen,243600
4,Kizz,24180
4,KuznetsovLeonid,411720
4,Lubov_Kudrenok,96420
4,MakhmutovaLiliya,65760
4,Malahai,11100
4,MargaritaNik,205980
4,Mary222,97260
4,Mornie,11760
4,Mykolesiko,402180
4,Oleg__Trusov,95760
4,PavelMeld,420960
4,Pavel_shalnov,406560
4,PetrYurchenko,105060
4,PustotaPetr,152400
4,Pyo,411900
4,Rammi,163260
4,Ripper_1011,276720
4,RoZa,19860
4,Robur,73800
4,Safin,438180
4,SergeyNefedov,12720
4,Sevarius,175080
4,ShevchukAlex,425160
4,Sokoloid,98580
4,Toks,5520
4,Unmagian,409860
4,Vanster,450120
4,Vetik,408480
4,VirHos,438720
4,Wag0nWheels,280260
4,Yanina_K,460320
4,Ziby1010,403440
4,Zmeyoff,408840
4,_ctacukoc_,27960
4,a.m.tsitulskiy,404760
4,a.starikov,89340
4,abramova.katia,95640
4,achurkin,433320
4,adement,439560
4,ainureg,454320
4,albert_goryaeff,189480
4,alekandr.tarelkin,186300
4,alekxd,246000
4,alexandrpankratov9,528600
4,alexey_opolchenov,405120
4,alexeydukhovich,88440
4,alexiv95.95,400260
4,aliaksandr.shcharbitski,27960
4,alibek_lfc,526620
4,alimantu,535440
4,alishabr,87120
4,ananasnya,153300
4,andreiAP,418320
4,andrey91,13620
4,aniko,19740
4,ann_gerasimchik,6000
4,anyamb,193500
4,aorew,188820
4,artfowl,163860
4,artysav97,96300
4,asv715,402900
4,asyash26,105600
4,babina.daria,244860
4,badlo_v,178800
4,berlios,279600
4,biquaternion,8880
4,birlikov,411120
4,brutalfacepalm,167340
4,cherninkiy,410520
4,cmepthbiu,156540
4,cvetvitaly,97920
4,cyrus_msk,198060
4,d.a.gornostaev,245880
4,danya_hm,89940
4,dimared,409740
4,dirvuk,99840
4,dkulemin,249060
4,dmitri.silantiev,156540
4,dmitry.okhotnikov,81480
4,dominator124,14880
4,dyakin.nikolay,12000
4,empty_kettle,408420
4,erik_mv,109920
4,ermekaitygulov,169680
4,evgenyto,104160
4,evgerher1,537000
4,exotol,201180
4,fahenrgeit,159720
4,fiztehno,403740
4,fizyamat,394500
4,fizz.buzz,81720
4,folkl,103020
4,fomin.fyodor,400500
4,frantotti,87240
4,garistvlad,175320
4,gimme_danger,83280
4,gosix22,80940
4,happycookie,6540
4,happyhooter,18300
4,iavdonin,411180
4,ildarcho,200100
4,ilya_milyutin,536400
4,impersonalis,34440
4,indigo7,528060
4,ioiein,171960
4,irina_shch,277140
4,irinka_ta,270840
4,ivangood67,8520
4,kadetfrolov,100320
4,kaip,432960
4,kapibaara,158640
4,kat6123,97020
4,kay_si,266520
4,kbrodt,18120
4,kepolol,191940
4,ketzer,8280
4,kpotoh,268500
4,krveronika0191,423960
4,ksizova,450420
4,kudriashovs,249120
4,lKoteuka,16800
4,lainer991,267180
4,lena.antonova,512880
4,linatka,539040
4,llevcono,423720
4,m.shalankin,539280
4,makhanko.maksim89,104520
4,mapryl,270840
4,markhubbatulin,270720
4,marsenyi,20700
4,maryia,409260
4,matiiv,486060
4,maxima1ist,18540
4,mikhail.gashkov,73860
4,mivankin,75300
4,mlyundin,17760
4,mmcclure,272160
4,munin.evgenii,73080
4,mzav,391980
4,nati,4080
4,naumovsk,78300
4,neurophysicist,89220
4,ngkishmaria,6960
4,ningeen,62880
4,nordream,195180
4,norron,538920
4,novokolg,443220
4,obatek,63360
4,obkyrush,454380
4,okate88,395220
4,old.flanigan,250560
4,oleg.osipov,458760
4,oleg_nazarov,420900
4,olegshchegolev,413640
4,olga.novitskaya,202440
4,ooptyp,21900
4,pankratova.dasha,96960
4,pikadzilla,233460
4,plato_001,184320
4,plokoon,24180
4,polikutinevgeny,43740
4,pollytur,414120
4,qmakar,409740
4,raisedtoward,514800
4,robspb,407880
4,rodion.latypov,207360
4,roman.4erkasov,147060
4,roman.novokshanov,27540
4,rritka,191640
4,rsnetkov,182220
4,rudwell,4620
4,s.khabenko,75360
4,sabraganets,229560
4,senior-sigan,189540
4,sera,89340
4,sergey_msu,17220
4,sergeyryabukhin,111000
4,shatty,427560
4,shnon_bell,189600
4,sinyaevmaxim,267060
4,siraziev,175020
4,soldatenkoes,453780
4,soslan.tabuev,172080
4,spin_to_win,523800
4,sunman_pfc,445800
4,sviatoslavteslenko,513900
4,teazizov,185880
4,tgolubeva,538080
4,theio666,515700
4,titika2013,437640
4,tohich51,427920
4,torrero,97380
4,toryinside,133200
4,ubivawka,413160
4,user_vi,251100
4,v.lenshin,112380
4,vasikos,151620
4,viconstel,407040
4,vivaXAPOH,436500
4,vkorennoj,426360
4,vl.n.ermakov,439860
4,vladimirzenin,200640
4,vlbakulev,186660
4,vzava,439800
4,wrath90,104400
4,wunder9l,17760
4,x-exciter,140700
4,xluttiy,24660
4,ya_demidova,253200
4,yakorovka,86400
4,yashinrostislav,452580
4,yunusovev,278400
4,zitimalex,71580
4,zmazak0,448920
5,"0991798574n",92940
5,"148512",16800
5,"8michelle_weiss",248100
5,Alexander429,532980
5,Alexander_Koshelev,70020
5,AlinaZemlev,331260
5,Anastasiya.Zhyr,145500
5,Andrei_Belenko,225540
5,Anise,91020
5,Arhimisha,370620
5,Artem1989,26640
5,ArtemTsukanov,18540
5,Artem_Dronov,71880
5,Aver_Power,157980
5,Azamat_sab,14880
5,BigBossPikachu,336660
5,Bugi_bugi,496200
5,CoolHawk,366840
5,Cosinus0,153240
5,Dexter0,160680
5,DiSO,345540
5,DmitryDS,87300
5,EgorSavkin,11220
5,Egorokm19,251520
5,EienKotowaru,278940
5,Fianketto,64860
5,Gra37,424800
5,GreySS,269760
5,IMDxD,153960
5,IVyazmin,24360
5,Ignatych,540480
5,IlyaPCP,69120
5,IlyasLatypov,12960
5,Jeditem,459180
5,JessSmith,461220
5,JustML,105480
5,Karvenko,75900
5,KernelA,29880
5,KilAgen,401520
5,Kizz,28680
5,KotikKo,110880
5,KuznetsovLeonid,370260
5,Lubov_Kudrenok,350820
5,MakhmutovaLiliya,245220
5,Malahai,29580
5,MargaritaNik,30360
5,Mary222,195660
5,Mornie,24000
5,Mykolesiko,505800
5,Nubithenoob,281280
5,Oleg__Trusov,273120
5,PavelMeld,275400
5,Pavel_shalnov,267300
5,PetrYurchenko,91320
5,PustotaPetr,160320
5,Pyo,210180
5,Rammi,325320
5,Ripper_1011,185220
5,RoZa,6120
5,Robur,100800
5,Safin,294960
5,SergeyNefedov,18540
5,Sevarius,171360
5,ShevchukAlex,335340
5,Sokoloid,279240
5,Toks,3720
5,Unmagian,430560
5,Vanster,425040
5,Vetik,251760
5,VirHos,194340
5,Wag0nWheels,283860
5,Yanina_K,237840
5,Ziby1010,481260
5,Zmeyoff,349920
5,_ctacukoc_,35880
5,a.m.tsitulskiy,542280
5,a.starikov,13800
5,abramova.katia,97260
5,achurkin,266160
5,adement,348540
5,adil17ds,536400
5,ainureg,346200
5,albert_goryaeff,372180
5,alekandr.tarelkin,96420
5,alekxd,252360
5,alexandrpankratov9,535260
5,alexey_opolchenov,365160
5,alexeydukhovich,188700
5,alexiv95.95,530460
5,aliaksandr.shcharbitski,159780
5,alibek_lfc,346380
5,alimantu,534840
5,alishabr,102480
5,ananasnya,90420
5,andreiAP,532980
5,andrey91,18300
5,androidegsensation,529920
5,aniko,25920
5,ann_gerasimchik,78780
5,anyamb,308100
5,aorew,186240
5,artfowl,84660
5,artysav97,30000
5,asv715,87480
5,asyash26,168960
5,babina.daria,180060
5,badlo_v,344520
5,berlios,358560
5,biquaternion,8520
5,birlikov,348720
5,brutalfacepalm,192060
5,cherninkiy,281760
5,cmepthbiu,249900
5,cvetvitaly,117000
5,cyrus_msk,30960
5,d.a.gornostaev,363360
5,danya_hm,182700
5,dertty,533700
5,dimared,93300
5,dirvuk,455520
5,dkulemin,275940
5,dmitri.silantiev,445260
5,dmitry.okhotnikov,179040
5,dominator124,78360
5,dyakin.nikolay,15180
5,empty_kettle,365760
5,erik_mv,242400
5,ermekaitygulov,247860
5,evgenyto,197100
5,evgerher1,375960
5,exotol,30540
5,fahenrgeit,77160
5,fiztehno,341880
5,fizyamat,340560
5,fizz.buzz,97740
5,folkl,73380
5,fomin.fyodor,460980
5,frantotti,159240
5,garistvlad,186540
5,gimme_danger,278220
5,gosix22,97800
5,hanna_by,449160
5,happycookie,361320
5,happyhooter,25440
5,heaphop,450360
5,ildarcho,167760
5,ilya_milyutin,465540
5,impersonalis,12900
5,ioiein,179580
5,irina_shch,337980
5,irinka_ta,275520
5,ivangood67,164460
5,kadetfrolov,319560
5,kaip,197220
5,kapibaara,242820
5,kay_si,327960
5,kbrodt,21900
5,kepolol,541380
5,ketzer,13920
5,kpotoh,245700
5,kudriashovs,277680
5,lKoteuka,22980
5,lainer991,342780
5,laol777,347640
5,llevcono,536040
5,m.shalankin,453240
5,makhanko.maksim89,239820
5,mapryl,332100
5,markhubbatulin,293100
5,marsenyi,196980
5,maxima1ist,14580
5,mikhail.gashkov,67260
5,mivankin,193200
5,mlyundin,175620
5,mmcclure,100800
5,munin.evgenii,84600
5,nati,269820
5,naumovsk,65040
5,neurophysicist,367260
5,ngkishmaria,94320
5,ningeen,142260
5,nordream,196560
5,norron,340560
5,novokolg,434700
5,nurrik,536040
5,obatek,233580
5,obkyrush,523020
5,okate88,353940
5,old.flanigan,231480
5,oleg.osipov,526500
5,oleg_nazarov,474660
5,olegshchegolev,490500
5,olga.novitskaya,165180
5,ooptyp,287460
5,pankratova.dasha,24060
5,pikadzilla,232620
5,plokoon,19080
5,polikutinevgeny,167760
5,pollytur,180900
5,raisedtoward,458640
5,robspb,427560
5,roman.4erkasov,259560
5,roman.novokshanov,67980
5,rritka,165240
5,rsnetkov,214500
5,rudwell,95640
5,s.khabenko,291660
5,sabraganets,74940
5,senior-sigan,274260
5,sera,117540
5,sergey_msu,70740
5,sergeyryabukhin,468420
5,shatty,366780
5,shnon_bell,335820
5,shubinsa,469860
5,siraziev,259740
5,soldatenkoes,368880
5,soslan.tabuev,180540
5,spin_to_win,448080
5,sunman_pfc,275640
5,teazizov,514140
5,titika2013,336720
5,tohich51,365520
5,torrero,426660
5,ubivawka,418980
5,user_vi,268140
5,v.lenshin,170460
5,vasikos,200700
5,viconstel,103320
5,vivaXAPOH,472560
5,vkorennoj,280200
5,vladimirzenin,369540
5,vlbakulev,81000
5,vovchik_zh,542340
5,vzava,93060
5,wrath90,193200
5,wunder9l,373380
5,x-exciter,231660
5,xluttiy,180720
5,ya_demidova,183960
5,yakorovka,85500
5,yashinrostislav,188640
5,yunusovev,286200
5,zitimalex,187020
5,zmazak0,437940
6,"0991798574n",322620
6,"148512",242760
6,"8michelle_weiss",528720
6,Alexander429,107640
6,Alexander_Koshelev,61020
6,AlinaZemlev,339960
6,Andrei_Belenko,453240
6,Anise,188100
6,Arhimisha,418080
6,Artem1989,27120
6,ArtemTsukanov,5580
6,Artem_Dronov,17640
6,Aver_Power,158100
6,Azamat_sab,67260
6,BasharovIlya,526080
6,BigBossPikachu,539580
6,Bugi_bugi,382260
6,CoolHawk,332460
6,Cosinus0,178680
6,DeutschGraf,90600
6,Dexter0,27780
6,DiSO,517560
6,DmitryDS,58080
6,EgorSavkin,13800
6,Egorokm19,151560
6,EienKotowaru,18360
6,FarSir,450480
6,Fianketto,23580
6,Gra37,376980
6,GreySS,72540
6,IMDxD,7320
6,IVyazmin,83220
6,IlyaPCP,246660
6,IlyasLatypov,101820
6,Jeditem,518100
6,JessSmith,9480
6,JustML,505320
6,Karvenko,66840
6,KernelA,74520
6,KilAgen,174480
6,Kizz,79200
6,KuznetsovLeonid,337980
6,Lubov_Kudrenok,109020
6,MakhmutovaLiliya,341880
6,Malahai,32460
6,MargaritaNik,393240
6,Mary222,192300
6,Mornie,14880
6,Mykolesiko,442920
6,Nubithenoob,441720
6,Oleg__Trusov,98820
6,PavelMeld,275280
6,Pavel_shalnov,359400
6,PetrYurchenko,158820
6,PustotaPetr,99840
6,Pyo,290340
6,Rammi,14040
6,Ripper_1011,420900
6,RoZa,6420
6,Robur,336540
6,Safin,89340
6,SergeyNefedov,20580
6,Sevarius,452640
6,ShevchukAlex,327360
6,Sokoloid,91680
6,Toks,8040
6,Unmagian,364800
6,Vanster,20940
6,Vetik,362580
6,VirHos,369420
6,Wag0nWheels,84180
6,Yanina_K,252600
6,Ziby1010,448740
6,Zmeyoff,335580
6,_ctacukoc_,19020
6,a.m.tsitulskiy,175620
6,a.starikov,15180
6,abramova.katia,13920
6,adement,349620
6,adil17ds,350100
6,ainureg,353160
6,albert_goryaeff,375480
6,alekandr.tarelkin,163260
6,alekxd,333120
6,alexandrpankratov9,439320
6,alexey_opolchenov,359580
6,alexeydukhovich,181320
6,alexiv95.95,521340
6,aliaksandr.shcharbitski,12480
6,alimantu,528000
6,alishabr,78660
6,ananasnya,152700
6,andreiAP,357960
6,andrey91,14580
6,androidegsensation,512220
6,aniko,22620
6,ann_gerasimchik,166500
6,anyamb,211080
6,aorew,84360
6,artfowl,106620
6,artysav97,16740
6,asv715,10800
6,asyash26,116940
6,azapletin,504420
6,babina.daria,319980
6,badlo_v,525240
6,berlios,351480
6,biquaternion,108420
6,birlikov,316920
6,brutalfacepalm,255420
6,cherninkiy,334440
6,cmepthbiu,167040
6,cvetvitaly,93600
6,cyrus_msk,276840
6,d.a.gornostaev,370020
6,danya_hm,235680
6,dertty,535800
6,dimared,182340
6,dirvuk,7620
6,dkulemin,447000
6,dmitri.silantiev,84360
6,dmitry.okhotnikov,75420
6,dominator124,11940
6,dyakin.nikolay,14040
6,empty_kettle,114360
6,erik_mv,272040
6,ermekaitygulov,67320
6,evgenyto,156960
6,evgerher1,368760
6,exotol,338760
6,fahenrgeit,90180
6,fiztehno,334260
6,fizyamat,363240
6,fizz.buzz,190620
6,folkl,271260
6,fomin.fyodor,378420
6,frantotti,157920
6,garistvlad,167940
6,gimme_danger,78480
6,gosix22,159720
6,hanna_by,454380
6,happycookie,447420
6,happyhooter,25260
6,heaphop,528480
6,ildarcho,180180
6,ilya_milyutin,365700
6,impersonalis,368940
6,indigo7,499740
6,ioiein,266760
6,irina_shch,178440
6,irinka_ta,359700
6,ivangood67,8280
6,kadetfrolov,332160
6,kaip,398580
6,kapibaara,167460
6,kat6123,179460
6,kay_si,368280
6,kbrodt,20520
6,kepolol,368100
6,ketzer,240420
6,kpotoh,197700
6,krveronika0191,264360
6,kudriashovs,523860
6,kuksha,243540
6,lKoteuka,115020
6,lainer991,519060
6,laol777,458340
6,lena.antonova,433920
6,linatka,533820
6,llevcono,61920
6,m.shalankin,99660
6,magleb,522360
6,makhanko.maksim89,99660
6,mapryl,333360
6,markhubbatulin,187080
6,marsenyi,8040
6,maryia,498060
6,maxima1ist,9960
6,mikhail.gashkov,79980
6,mivankin,173100
6,mlyundin,65880
6,mmcclure,359880
6,munin.evgenii,4800
6,nati,4320
6,naumovsk,42660
6,neurophysicist,290640
6,ngkishmaria,3900
6,ningeen,64320
6,nordream,3900
6,norron,363060
6,novokolg,363000
6,nurrik,538620
6,obatek,91680
6,obkyrush,537120
6,okate88,157380
6,old.flanigan,264720
6,oleg.osipov,518280
6,oleg_nazarov,466560
6,olegshchegolev,293460
6,ooptyp,71220
6,pankratova.dasha,6600
6,pikadzilla,168900
6,plato_001,256920
6,plokoon,5100
6,polikutinevgeny,44160
6,pollytur,18420
6,raisedtoward,523140
6,robspb,368280
6,rodion.latypov,475380
6,roman.4erkasov,273300
6,roman.novokshanov,96780
6,rritka,200400
6,rsnetkov,51720
6,rudwell,3600
6,sabraganets,312240
6,semenalekhin,478380
6,senior-sigan,361020
6,sera,284460
6,sergey_msu,21660
6,sergeyryabukhin,535680
6,shatty,265860
6,shnon_bell,263880
6,shubinsa,109140
6,sinyaevmaxim,370200
6,siraziev,178440
6,soldatenkoes,180120
6,soslan.tabuev,328200
6,spin_to_win,331740
6,sunman_pfc,204420
6,sviatoslavteslenko,427800
6,teazizov,361020
6,titika2013,336840
6,tohich51,112800
6,torrero,333120
6,toryinside,537600
6,ubivawka,139920
6,user_vi,255300
6,v.lenshin,112860
6,vasikos,79860
6,vbrn,344760
6,viconstel,360420
6,vivaXAPOH,347280
6,vl.n.ermakov,373620
6,vladimirzenin,366180
6,vlbakulev,183000
6,vzava,364200
6,wrath90,366000
6,wunder9l,459780
6,x-exciter,245160
6,xluttiy,32820
6,ya_demidova,271260
6,yakorovka,75300
6,yashinrostislav,298260
6,yunusovev,289020
6,zitimalex,105120
6,zmazak0,382920
7,"0991798574n",364200
7,"148512",154260
7,Alexander429,353040
7,Alexander_Koshelev,113580
7,AlinaZemlev,240480
7,Andrei_Belenko,445380
7,Anise,237120
7,Arhimisha,438960
7,Artem1989,87240
7,ArtemTsukanov,31920
7,Artem_Dronov,65880
7,Asd_zxc,460440
7,Aver_Power,145200
7,Azamat_sab,65880
7,BasharovIlya,383400
7,Bugi_bugi,403980
7,CoolHawk,351060
7,Cosinus0,153240
7,DeutschGraf,338460
7,Dexter0,25440
7,DiSO,337320
7,DmitryDS,435600
7,EgorSavkin,13740
7,Egorokm19,154260
7,EienKotowaru,14520
7,Fianketto,50340
7,Gra37,377160
7,GreySS,115440
7,IMDxD,64980
7,IVyazmin,193200
7,IlyaPCP,70980
7,IlyasLatypov,69480
7,Jeditem,197820
7,JessSmith,504180
7,JustML,17100
7,Karvenko,10800
7,KernelA,22140
7,KilAgen,226620
7,Kizz,197100
7,KuznetsovLeonid,501300
7,Lubov_Kudrenok,182220
7,MakhmutovaLiliya,343440
7,Malahai,101280
7,MargaritaNik,433740
7,Mary222,268920
7,Mornie,6780
7,Mykolesiko,456420
7,Nubithenoob,287400
7,Oleg__Trusov,104100
7,PavelMeld,265380
7,Pavel_shalnov,355620
7,PetrYurchenko,252960
7,PustotaPetr,175080
7,Pyo,197340
7,Rammi,172020
7,Ripper_1011,250500
7,RoZa,15660
7,Robur,197880
7,Safin,519900
7,SergeyNefedov,166320
7,ShevchukAlex,358200
7,Sokoloid,330780
7,Toks,13560
7,Unmagian,341340
7,Vanster,370620
7,Vetik,500220
7,VirHos,285360
7,Wag0nWheels,91740
7,Ziby1010,532560
7,Zmeyoff,513480
7,_ctacukoc_,19800
7,a.m.tsitulskiy,196200
7,a.starikov,11040
7,abramova.katia,7020
7,adement,176340
7,adil17ds,356640
7,ainureg,367080
7,albert_goryaeff,338820
7,alekandr.tarelkin,179580
7,alekxd,278040
7,alexey_opolchenov,18780
7,alexeydukhovich,274740
7,alexiv95.95,535920
7,aliaksandr.shcharbitski,12300
7,alimantu,463500
7,alishabr,93060
7,ananasnya,85500
7,andreiAP,358260
7,andrey91,8220
7,androidegsensation,532620
7,aniko,12360
7,ann_gerasimchik,324960
7,anyamb,119160
7,artfowl,261660
7,artysav97,7860
7,asv715,88920
7,asyash26,94680
7,azapletin,536820
7,babina.daria,25260
7,badlo_v,352380
7,berlios,362580
7,biquaternion,7200
7,birlikov,441360
7,brutalfacepalm,171600
7,cherninkiy,333180
7,cmepthbiu,155160
7,cvetvitaly,169440
7,cyrus_msk,85140
7,d.a.gornostaev,447000
7,danya_hm,282180
7,dertty,538560
7,dimared,357060
7,dirvuk,98760
7,dkulemin,536520
7,dmitri.silantiev,346380
7,dominator124,11220
7,dyakin.nikolay,19620
7,empty_kettle,211200
7,erik_mv,240600
7,ermekaitygulov,184620
7,evgerher1,518640
7,fahenrgeit,55680
7,fiztehno,334860
7,fizyamat,454560
7,folkl,97920
7,fomin.fyodor,195120
7,frantotti,98580
7,gimme_danger,359580
7,hanna_by,448440
7,happycookie,268440
7,happyhooter,154260
7,heaphop,331860
7,ildarcho,271380
7,ilya_milyutin,460620
7,impersonalis,42060
7,indigo7,446220
7,ioiein,182640
7,irina_shch,230100
7,irinka_ta,272760
7,ivangood67,11520
7,kadetfrolov,141720
7,kaip,474780
7,kat6123,453180
7,kay_si,360960
7,kbrodt,21360
7,ketzer,9420
7,kpotoh,360780
7,krveronika0191,329400
7,kudriashovs,321600
7,kuksha,523740
7,lKoteuka,86340
7,lainer991,438000
7,laol777,532620
7,linatka,79680
7,llevcono,513960
7,m.shalankin,530460
7,magleb,181380
7,makhanko.maksim89,11760
7,mapryl,339720
7,markhubbatulin,86940
7,marsenyi,9240
7,maxima1ist,258840
7,mikhail.gashkov,139740
7,mivankin,12120
7,mlyundin,19800
7,mmcclure,350100
7,munin.evgenii,114660
7,mzav,538020
7,nati,199440
7,naumovsk,8460
7,neurophysicist,88500
7,ngkishmaria,196620
7,ningeen,345660
7,nordream,80400
7,novokolg,28980
7,nurrik,540000
7,obatek,71760
7,obkyrush,503940
7,okate88,262140
7,old.flanigan,268800
7,oleg.osipov,527820
7,olegshchegolev,239820
7,olga.novitskaya,518940
7,ooptyp,18540
7,pankratova.dasha,99360
7,pikadzilla,314280
7,plato_001,194580
7,plokoon,5520
7,polikutinevgeny,56160
7,pollytur,155820
7,raisedtoward,295860
7,robspb,12000
7,rodion.latypov,188100
7,roman.4erkasov,193200
7,roman.novokshanov,21240
7,rritka,250140
7,rsnetkov,54600
7,rudwell,185580
7,sabraganets,174480
7,semenalekhin,532560
7,senior-sigan,101700
7,sera,212760
7,sergey_msu,16260
7,sergeyryabukhin,370380
7,shatty,443820
7,shnon_bell,94620
7,shubinsa,385260
7,sinyaevmaxim,368280
7,siraziev,172500
7,soldatenkoes,196200
7,soslan.tabuev,66420
7,spin_to_win,189780
7,sunman_pfc,356280
7,sviatoslavteslenko,542580
7,teazizov,347820
7,titika2013,415980
7,tohich51,193560
7,torrero,344220
7,toryinside,507840
7,ubivawka,157140
7,user_vi,85800
7,v.lenshin,283680
7,vasikos,273720
7,viconstel,156840
7,vivaXAPOH,431640
7,vkorennoj,504600
7,vl.n.ermakov,361800
7,vladimirzenin,373320
7,vlbakulev,270000
7,vovchik_zh,534060
7,vzava,344340
7,wrath90,110400
7,wunder9l,461280
7,x-exciter,240540
7,xluttiy,9780
7,ya_demidova,345300
7,yakorovka,280680
7,yunusovev,31320
7,zitimalex,347820
7,zmazak0,5100
8,"0991798574n",277560
8,"148512",257820
8,Alexander429,535560
8,Alexander_Koshelev,98580
8,Andrei_Belenko,535140
8,Arhimisha,504600
8,Artem1989,185700
8,ArtemTsukanov,5880
8,Artem_Dronov,28800
8,Asd_zxc,444840
8,Aver_Power,152700
8,Azamat_sab,489360
8,BasharovIlya,517500
8,CoolHawk,327060
8,Cosinus0,417720
8,Dexter0,108240
8,DiSO,517980
8,DmitryDS,254280
8,EgorSavkin,281520
8,Egorokm19,243120
8,EienKotowaru,365640
8,Fianketto,68520
8,GreySS,172920
8,IMDxD,146940
8,IVyazmin,166500
8,IlyaPCP,255660
8,IlyasLatypov,494220
8,Jeditem,461700
8,JessSmith,432060
8,JustML,25800
8,Karvenko,353520
8,KernelA,90660
8,KilAgen,416760
8,Kizz,299460
8,KuznetsovLeonid,510480
8,Lubov_Kudrenok,181500
8,MakhmutovaLiliya,420420
8,Malahai,338640
8,MargaritaNik,319560
8,Mary222,350040
8,Mornie,21000
8,Mykolesiko,289020
8,Nubithenoob,21300
8,Oleg__Trusov,346740
8,PavelMeld,293280
8,Pavel_shalnov,532560
8,PetrYurchenko,358320
8,PustotaPetr,169800
8,Pyo,366420
8,Rammi,74400
8,Ripper_1011,342000
8,RoZa,283140
8,Robur,91500
8,Safin,539340
8,SergeyNefedov,28260
8,Sevarius,282480
8,ShevchukAlex,489960
8,Toks,510960
8,Unmagian,528000
8,Vanster,460560
8,Vetik,369420
8,VirHos,198720
8,Wag0nWheels,157920
8,Zmeyoff,521760
8,_ctacukoc_,40200
8,a.m.tsitulskiy,196440
8,a.starikov,109440
8,abramova.katia,97140
8,adement,536220
8,adil17ds,332760
8,ainureg,541140
8,alekandr.tarelkin,167640
8,alekxd,431340
8,alexey_opolchenov,520260
8,alexeydukhovich,526800
8,alexiv95.95,534060
8,aliaksandr.shcharbitski,76080
8,alimantu,535440
8,alishabr,21600
8,ananasnya,443580
8,andreiAP,334200
8,andrey91,97320
8,androidegsensation,124020
8,aniko,102600
8,ann_gerasimchik,72540
8,anyamb,467400
8,aorew,419280
8,artfowl,341340
8,artysav97,23640
8,asv715,15900
8,asyash26,279240
8,azapletin,502200
8,babina.daria,93300
8,badlo_v,519840
8,berlios,76380
8,biquaternion,75540
8,birlikov,133140
8,brutalfacepalm,20400
8,cherninkiy,453360
8,cmepthbiu,245400
8,cvetvitaly,270300
8,cyrus_msk,78720
8,d.a.gornostaev,542520
8,danya_hm,90900
8,dertty,541260
8,dimared,369660
8,dirvuk,234180
8,dkulemin,280740
8,dominator124,18840
8,dyakin.nikolay,72420
8,empty_kettle,222840
8,ermekaitygulov,61920
8,evgerher1,282960
8,exotol,363780
8,fahenrgeit,66300
8,fiztehno,426780
8,fizyamat,381540
8,folkl,461040
8,fomin.fyodor,351180
8,frantotti,102360
8,garistvlad,362940
8,gimme_danger,104520
8,gosix22,334080
8,hanna_by,268260
8,happyhooter,93240
8,ildarcho,104940
8,ilya_milyutin,449940
8,impersonalis,86820
8,ioiein,194340
8,irina_shch,321840
8,irinka_ta,323880
8,ivangood67,28020
8,kadetfrolov,325020
8,kaip,266160
8,kat6123,453480
8,kay_si,518160
8,kbrodt,12960
8,ketzer,5700
8,kpotoh,461640
8,krtch,526620
8,krveronika0191,164400
8,kuksha,535260
8,lKoteuka,67320
8,lainer991,533820
8,linatka,540300
8,llevcono,512460
8,m.shalankin,500640
8,magleb,151380
8,makhanko.maksim89,178860
8,mapryl,166920
8,markhubbatulin,6960
8,marsenyi,9000
8,maryia,531900
8,maxima1ist,9840
8,mikhail.gashkov,151860
8,mivankin,164640
8,mlyundin,21900
8,mmcclure,253980
8,munin.evgenii,42420
8,mzav,541740
8,naumovsk,62340
8,neurophysicist,334920
8,ngkishmaria,532440
8,ningeen,223260
8,nordream,84840
8,novokolg,289320
8,nurrik,524340
8,obatek,187620
8,obkyrush,509940
8,okate88,311040
8,old.flanigan,329400
8,oleg_nazarov,205740
8,olegshchegolev,363840
8,olga.novitskaya,279120
8,ooptyp,114360
8,pankratova.dasha,10380
8,pikadzilla,416280
8,plato_001,329940
8,plokoon,15840
8,polikutinevgeny,43860
8,pollytur,158880
8,raisedtoward,383400
8,robspb,542760
8,rodion.latypov,535860
8,roman.4erkasov,540120
8,roman.novokshanov,92460
8,rritka,503460
8,rsnetkov,83220
8,rudwell,154980
8,sabraganets,509280
8,senior-sigan,531120
8,sera,284340
8,sergey_msu,90120
8,sergeyryabukhin,542040
8,shatty,366060
8,shnon_bell,157560
8,shubinsa,75240
8,sinyaevmaxim,468120
8,siraziev,171060
8,soldatenkoes,450480
8,spin_to_win,526920
8,teazizov,153360
8,titika2013,348060
8,torrero,165240
8,ubivawka,402660
8,user_vi,257880
8,v.lenshin,183480
8,vasikos,427140
8,viconstel,356760
8,vivaXAPOH,516240
8,vkorennoj,509820
8,vl.n.ermakov,528420
8,vladimirzenin,527400
8,vlbakulev,339000
8,vzava,350340
8,wrath90,441840
8,wunder9l,353820
8,x-exciter,278220
8,xluttiy,472380
8,ya_demidova,426780
8,yakorovka,182700
8,yashinrostislav,540660
8,yunusovev,467040
8,zitimalex,525900
9,"0991798574n",526920
9,"148512",252060
9,Alexander_Koshelev,96120
9,AlinaZemlev,353880
9,Arhimisha,531660
9,Artem1989,361200
9,ArtemTsukanov,404340
9,Artem_Dronov,84900
9,Asd_zxc,147840
9,Aver_Power,172740
9,Azamat_sab,530640
9,BasharovIlya,499860
9,DeutschGraf,357540
9,Dexter0,104460
9,DiSO,367560
9,DmitryDS,125580
9,EgorSavkin,78120
9,Egorokm19,169980
9,Fianketto,195480
9,Gra37,410760
9,GreySS,111480
9,IMDxD,168420
9,IVyazmin,324000
9,IlyaPCP,251520
9,IlyasLatypov,348480
9,JessSmith,464400
9,Karvenko,175740
9,KernelA,190620
9,Kizz,449880
9,KuznetsovLeonid,499920
9,Lubov_Kudrenok,190620
9,MakhmutovaLiliya,433140
9,MargaritaNik,539700
9,Mary222,276060
9,Mornie,11400
9,Mykolesiko,520440
9,Nubithenoob,534120
9,Oleg__Trusov,363300
9,PavelMeld,368340
9,Pavel_shalnov,513960
9,PetrYurchenko,349800
9,PustotaPetr,242940
9,Pyo,359160
9,Rammi,435540
9,Robur,516240
9,Safin,538980
9,SergeyNefedov,18540
9,ShevchukAlex,537480
9,Sokoloid,432480
9,Toks,357060
9,Unmagian,527040
9,Vetik,75480
9,Wag0nWheels,103860
9,Zmeyoff,442920
9,_ctacukoc_,28680
9,a.m.tsitulskiy,449940
9,a.starikov,93480
9,abramova.katia,104940
9,adement,516840
9,adil17ds,361140
9,ainureg,370020
9,albert_goryaeff,374760
9,alekandr.tarelkin,185280
9,alekxd,423660
9,alexey_opolchenov,250860
9,alimantu,538380
9,alishabr,193560
9,ananasnya,17760
9,andreiAP,525900
9,andrey91,18240
9,androidegsensation,363960
9,aniko,25260
9,ann_gerasimchik,340260
9,anyamb,228240
9,aorew,512940
9,artfowl,359640
9,artysav97,19620
9,asv715,335400
9,asyash26,380340
9,azapletin,542940
9,babina.daria,149100
9,berlios,521940
9,birlikov,384480
9,brutalfacepalm,109200
9,cherninkiy,367920
9,cmepthbiu,177060
9,cvetvitaly,340020
9,cyrus_msk,15360
9,danya_hm,102480
9,dimdimdim,519420
9,dirvuk,335400
9,dkulemin,491700
9,dominator124,8640
9,dyakin.nikolay,12900
9,empty_kettle,522240
9,erik_mv,460260
9,ermekaitygulov,90660
9,evgerher1,443160
9,exotol,528060
9,fahenrgeit,14820
9,fiztehno,350640
9,fizyamat,488880
9,folkl,529680
9,fomin.fyodor,508020
9,frantotti,168060
9,gimme_danger,452400
9,gosix22,4440
9,happyhooter,417300
9,ildarcho,17580
9,impersonalis,102360
9,ioiein,7860
9,irina_shch,354240
9,irinka_ta,188880
9,ivangood67,82620
9,kadetfrolov,335040
9,kaip,526260
9,kay_si,505920
9,kbrodt,33120
9,ketzer,16260
9,kpotoh,530640
9,krtch,260580
9,kudriashovs,533400
9,kuksha,344820
9,lKoteuka,185880
9,lainer991,504240
9,llevcono,515580
9,m.shalankin,510060
9,makhanko.maksim89,340920
9,mapryl,255780
9,marsenyi,95940
9,mikhail.gashkov,230700
9,mivankin,110460
9,mmcclure,534960
9,munin.evgenii,34200
9,mzav,97080
9,naumovsk,7320
9,ngkishmaria,499860
9,norron,365400
9,novokolg,370740
9,nurrik,529380
9,obatek,516480
9,obkyrush,498060
9,okate88,425220
9,old.flanigan,338460
9,olegshchegolev,506580
9,olga.novitskaya,345240
9,ooptyp,200820
9,pankratova.dasha,9360
9,pikadzilla,321900
9,plokoon,24840
9,polikutinevgeny,56760
9,pollytur,153240
9,raisedtoward,527280
9,rodion.latypov,533520
9,roman.4erkasov,211080
9,roman.novokshanov,520020
9,rritka,531360
9,rsnetkov,143400
9,sabraganets,462660
9,semenalekhin,522060
9,sera,381420
9,sergey_msu,74160
9,shatty,533160
9,shnon_bell,325020
9,shubinsa,471120
9,siraziev,338880
9,spin_to_win,457980
9,teazizov,542880
9,titika2013,318900
9,tohich51,522360
9,torrero,336480
9,user_vi,244020
9,vasikos,435420
9,viconstel,273480
9,vkorennoj,531540
9,vl.n.ermakov,521700
9,vladimirzenin,427860
9,vlbakulev,271320
9,vzava,506880
9,wrath90,255180
9,wunder9l,490500
9,x-exciter,148260
9,ya_demidova,371400
9,yakorovka,367080
9,yashinrostislav,530880
9,yunusovev,202740
9,zitimalex,527220
10,"0991798574n",349140
10,"148512",337860
10,Alexander_Koshelev,189180
10,AlinaZemlev,508680
10,Andrei_Belenko,477960
10,Arhimisha,177960
10,Artem1989,105120
10,ArtemTsukanov,6420
10,Artem_Dronov,10860
10,Asd_zxc,449940
10,Aver_Power,156660
10,Azamat_sab,229380
10,BigBossPikachu,135660
10,CoolHawk,365940
10,Cosinus0,157440
10,DeutschGraf,335820
10,Dexter0,30660
10,DiSO,363660
10,DmitryDS,259980
10,EgorSavkin,9960
10,Egorokm19,150960
10,EienKotowaru,273960
10,Fianketto,75540
10,Gra37,340020
10,GreySS,93120
10,IMDxD,145620
10,IVyazmin,82560
10,IlyaPCP,235860
10,IlyasLatypov,78180
10,Jeditem,510540
10,JessSmith,11880
10,JustML,424800
10,Karvenko,524820
10,KernelA,16680
10,Kizz,103980
10,KuznetsovLeonid,530580
10,Lubov_Kudrenok,163920
10,MakhmutovaLiliya,272880
10,MargaritaNik,383460
10,Mary222,321780
10,Mornie,14520
10,Mykolesiko,520440
10,Nubithenoob,281880
10,Oleg__Trusov,532320
10,PavelMeld,351480
10,Pavel_shalnov,540180
10,PetrYurchenko,109380
10,PustotaPetr,20820
10,Pyo,365700
10,Rammi,75900
10,Ripper_1011,536100
10,RoZa,11340
10,Robur,341640
10,Safin,362520
10,SergeyNefedov,5940
10,ShevchukAlex,522480
10,Sokoloid,395640
10,Toks,25800
10,Unmagian,458280
10,Vetik,333720
10,Wag0nWheels,338820
10,Ziby1010,533280
10,Zmeyoff,462540
10,_ctacukoc_,22620
10,a.m.tsitulskiy,455340
10,a.starikov,53760
10,abramova.katia,96900
10,adement,270600
10,adil17ds,350160
10,ainureg,533400
10,albert_goryaeff,456960
10,alekandr.tarelkin,342660
10,alekxd,412800
10,alexey_opolchenov,173700
10,alexeydukhovich,345660
10,alexiv95.95,533340
10,aliaksandr.shcharbitski,16500
10,alimantu,540420
10,alishabr,10680
10,ananasnya,171360
10,andreiAP,364440
10,andrey91,120060
10,androidegsensation,43080
10,aniko,30840
10,ann_gerasimchik,23100
10,anyamb,489120
10,artfowl,185760
10,artysav97,22200
10,asv715,272460
10,asyash26,348240
10,azapletin,535440
10,babina.daria,164280
10,badlo_v,532860
10,berlios,369480
10,biquaternion,13500
10,birlikov,266760
10,brutalfacepalm,451260
10,cherninkiy,253560
10,cmepthbiu,149760
10,cvetvitaly,21660
10,cyrus_msk,17160
10,d.a.gornostaev,485760
10,danya_hm,361620
10,dertty,540780
10,dirvuk,278460
10,dkulemin,143880
10,dominator124,88080
10,dyakin.nikolay,71700
10,empty_kettle,361140
10,erik_mv,292200
10,ermekaitygulov,91020
10,evgerher1,448560
10,exotol,303120
10,fahenrgeit,7980
10,fiztehno,343620
10,fizyamat,316500
10,folkl,287820
10,fomin.fyodor,448860
10,frantotti,124020
10,garistvlad,533880
10,gimme_danger,90840
10,gosix22,151440
10,hanna_by,365580
10,happycookie,345360
10,happyhooter,259800
10,heaphop,422640
10,ildarcho,108540
10,impersonalis,358260
10,ioiein,291300
10,irina_shch,269880
10,irinka_ta,274080
10,ivangood67,12960
10,kadetfrolov,156480
10,kat6123,457080
10,kay_si,366600
10,kbrodt,26100
10,ketzer,8700
10,kpotoh,345420
10,krtch,362580
10,krveronika0191,345240
10,kudriashovs,534120
10,lKoteuka,84780
10,lainer991,516600
10,linatka,502620
10,llevcono,504660
10,makhanko.maksim89,342180
10,mapryl,250740
10,markhubbatulin,289740
10,marsenyi,5940
10,maryia,373080
10,maxima1ist,358740
10,mikhail.gashkov,139920
10,mivankin,74100
10,mlyundin,71160
10,mmcclure,275100
10,munin.evgenii,27000
10,mzav,464580
10,nati,41280
10,naumovsk,11220
10,neurophysicist,454140
10,ngkishmaria,21540
10,ningeen,63360
10,nordream,170460
10,norron,355800
10,novokolg,197220
10,obatek,280500
10,obkyrush,515040
10,okate88,345420
10,oleg.osipov,338640
10,oleg_nazarov,221520
10,olegshchegolev,368700
10,olga.novitskaya,93900
10,ooptyp,338880
10,pankratova.dasha,73320
10,pikadzilla,502500
10,plato_001,440280
10,plokoon,9240
10,polikutinevgeny,155400
10,pollytur,525000
10,raisedtoward,531180
10,robspb,460800
10,roman.4erkasov,361440
10,roman.novokshanov,342060
10,rritka,446760
10,rsnetkov,475200
10,rudwell,337080
10,sabraganets,373080
10,sera,454800
10,sergey_msu,19980
10,sergeyryabukhin,533820
10,shatty,537000
10,shnon_bell,356940
10,shubinsa,322920
10,sinyaevmaxim,363900
10,siraziev,273360
10,soldatenkoes,361680
10,spin_to_win,531000
10,teazizov,158520
10,titika2013,162600
10,tohich51,445380
10,torrero,286740
10,ubivawka,252120
10,user_vi,168840
10,v.lenshin,243660
10,vasikos,522360
10,viconstel,353160
10,vivaXAPOH,251100
10,vkorennoj,513960
10,vladimirzenin,76320
10,vlbakulev,194940
10,vzava,369300
10,wrath90,372240
10,wunder9l,107940
10,x-exciter,336540
10,xluttiy,358020
10,ya_demidova,203340
10,yakorovka,118200
10,yashinrostislav,538860
10,yunusovev,363720
10,zitimalex,68400
10,zmazak0,270000
11,"0991798574n",189180
11,"148512",161940
11,Alexander_Koshelev,108180
11,AlinaZemlev,350400
11,Andrei_Belenko,195900
11,Arhimisha,162720
11,Artem1989,542820
11,ArtemTsukanov,9000
11,Artem_Dronov,21900
11,Asd_zxc,506160
11,Aver_Power,148380
11,Azamat_sab,8940
11,BigBossPikachu,543120
11,CoolHawk,539880
11,Cosinus0,236400
11,Dexter0,84720
11,DiSO,256260
11,DmitryDS,175380
11,EgorSavkin,24780
11,Egorokm19,154020
11,Fianketto,12120
11,Gra37,351420
11,GreySS,96060
11,IMDxD,99180
11,IVyazmin,81060
11,IlyaPCP,73440
11,IlyasLatypov,115560
11,Jeditem,289920
11,JessSmith,512940
11,JustML,521820
11,Karvenko,177360
11,KernelA,27540
11,Kizz,532260
11,Lubov_Kudrenok,190020
11,MakhmutovaLiliya,174180
11,Malahai,540600
11,MargaritaNik,367140
11,Mary222,115260
11,Mornie,15360
11,Mykolesiko,450300
11,Nubithenoob,169080
11,Oleg__Trusov,525420
11,PavelMeld,348720
11,Pavel_shalnov,541080
11,PetrYurchenko,276780
11,PustotaPetr,155640
11,Pyo,352620
11,RoZa,171300
11,Robur,93180
11,Safin,180120
11,SergeyNefedov,11640
11,ShevchukAlex,539520
11,Sokoloid,450120
11,Toks,105180
11,Unmagian,538140
11,Vetik,510300
11,Wag0nWheels,518940
11,Zmeyoff,526560
11,_ctacukoc_,93120
11,a.m.tsitulskiy,454260
11,a.starikov,17340
11,abramova.katia,279900
11,adement,249060
11,adil17ds,532800
11,albert_goryaeff,520080
11,alekandr.tarelkin,168420
11,alekxd,507300
11,alexey_opolchenov,109860
11,alexeydukhovich,519540
11,alexiv95.95,519300
11,aliaksandr.shcharbitski,515100
11,alimantu,538560
11,ananasnya,189120
11,andreiAP,512760
11,andrey91,14280
11,androidegsensation,39300
11,aniko,112680
11,ann_gerasimchik,534300
11,aorew,526620
11,artfowl,263880
11,artysav97,95820
11,asv715,164700
11,asyash26,284280
11,azapletin,522300
11,babina.daria,239280
11,berlios,527940
11,biquaternion,26580
11,birlikov,317400
11,brutalfacepalm,177240
11,cherninkiy,350100
11,cmepthbiu,147720
11,cvetvitaly,96480
11,cyrus_msk,370440
11,d.a.gornostaev,542580
11,danya_hm,346740
11,dertty,540660
11,dirvuk,88560
11,dkulemin,533880
11,dominator124,11160
11,dyakin.nikolay,11760
11,empty_kettle,359340
11,erik_mv,278340
11,ermekaitygulov,174540
11,evgerher1,158880
11,exotol,487620
11,fahenrgeit,75540
11,fiztehno,459600
11,fizyamat,524400
11,folkl,536520
11,fomin.fyodor,451500
11,frantotti,250560
11,gimme_danger,16500
11,gosix22,169260
11,happyhooter,525660
11,heaphop,530160
11,ildarcho,291480
11,impersonalis,203820
11,ioiein,260760
11,irina_shch,71040
11,irinka_ta,376860
11,ivangood67,17820
11,kadetfrolov,210180
11,kat6123,509100
11,kay_si,517500
11,kbrodt,25200
11,ketzer,11820
11,kpotoh,32520
11,krtch,468000
11,krveronika0191,331320
11,kudriashovs,526800
11,lKoteuka,82500
11,lainer991,533940
11,linatka,285000
11,makhanko.maksim89,236400
11,mapryl,107640
11,markhubbatulin,83460
11,marsenyi,19620
11,maryia,530520
11,maxima1ist,435000
11,mikhail.gashkov,65520
11,mivankin,88380
11,mmcclure,272400
11,munin.evgenii,160620
11,mzav,228060
11,nati,124320
11,naumovsk,43620
11,neurophysicist,274860
11,ngkishmaria,539520
11,ningeen,246900
11,nordream,165660
11,norron,539160
11,novokolg,370260
11,obatek,104700
11,obkyrush,528060
11,okate88,527640
11,old.flanigan,329220
11,oleg_nazarov,286740
11,olegshchegolev,465960
11,olga.novitskaya,447120
11,ooptyp,353820
11,pankratova.dasha,18960
11,pikadzilla,509040
11,plato_001,159480
11,plokoon,19440
11,polikutinevgeny,53220
11,pollytur,191460
11,raisedtoward,20700
11,roman.novokshanov,13080
11,rritka,531600
11,rsnetkov,343080
11,sera,372960
11,sergey_msu,98100
11,sergeyryabukhin,384480
11,shatty,537600
11,shnon_bell,290280
11,shubinsa,48600
11,sinyaevmaxim,455160
11,siraziev,499320
11,soldatenkoes,421200
11,spin_to_win,541860
11,teazizov,346680
11,titika2013,529200
11,torrero,284820
11,ubivawka,158640
11,user_vi,175620
11,vasikos,326520
11,viconstel,247380
11,vivaXAPOH,318300
11,vkorennoj,498240
11,vl.n.ermakov,528540
11,vladimirzenin,205140
11,vlbakulev,189840
11,vzava,532680
11,wrath90,367560
11,wunder9l,206880
11,x-exciter,346500
11,xluttiy,194820
11,ya_demidova,278400
11,yakorovka,87900
11,yashinrostislav,282300
11,yunusovev,374640
11,zitimalex,521820
11,zmazak0,285180
12,"0991798574n",182940
12,"148512",10200
12,Alexander_Koshelev,114660
12,AlinaZemlev,427020
12,Andrei_Belenko,132480
12,Arhimisha,345780
12,Artem1989,292320
12,ArtemTsukanov,6420
12,Artem_Dronov,78240
12,Asd_zxc,190740
12,Aver_Power,148440
12,BasharovIlya,446760
12,CoolHawk,534240
12,Cosinus0,157380
12,DeutschGraf,524460
12,Dexter0,8220
12,DiSO,24240
12,DmitryDS,530160
12,Egorokm19,153180
12,EienKotowaru,255420
12,Fianketto,60000
12,Gra37,367920
12,GreySS,168480
12,IMDxD,159540
12,IVyazmin,188460
12,IlyaPCP,321480
12,IlyasLatypov,81480
12,JessSmith,514860
12,JustML,511200
12,Karvenko,60900
12,KernelA,78120
12,Kizz,372180
12,KuznetsovLeonid,438900
12,Lubov_Kudrenok,252180
12,MakhmutovaLiliya,260820
12,Malahai,28620
12,MargaritaNik,525360
12,Mary222,197940
12,Mornie,7320
12,Mykolesiko,526620
12,Nubithenoob,200760
12,Oleg__Trusov,528180
12,PavelMeld,291840
12,Pavel_shalnov,539580
12,PetrYurchenko,348120
12,PustotaPetr,77400
12,Pyo,352740
12,Rammi,188340
12,Ripper_1011,448620
12,RoZa,190620
12,Robur,90480
12,Safin,174180
12,SergeyNefedov,12600
12,ShevchukAlex,512700
12,Sokoloid,440280
12,Toks,538860
12,Unmagian,383760
12,Vetik,156360
12,Wag0nWheels,165480
12,Zmeyoff,532020
12,_ctacukoc_,7740
12,a.m.tsitulskiy,171600
12,a.starikov,273540
12,abramova.katia,98940
12,adement,536580
12,adil17ds,527520
12,ainureg,534240
12,albert_goryaeff,420720
12,alekandr.tarelkin,196920
12,alekxd,436860
12,alexey_opolchenov,347220
12,alimantu,537060
12,alishabr,441000
12,ananasnya,63360
12,andreiAP,264060
12,andrey91,14100
12,androidegsensation,103200
12,aniko,34020
12,ann_gerasimchik,327000
12,artfowl,376620
12,artysav97,108120
12,asv715,230520
12,azapletin,523200
12,babina.daria,80280
12,badlo_v,529860
12,berlios,499800
12,biquaternion,4380
12,birlikov,349860
12,brutalfacepalm,98580
12,cherninkiy,356160
12,cmepthbiu,145980
12,cvetvitaly,76380
12,cyrus_msk,89520
12,d.a.gornostaev,530580
12,danya_hm,94260
12,dertty,540300
12,dirvuk,267420
12,dkulemin,417780
12,dominator124,8220
12,dyakin.nikolay,66960
12,empty_kettle,352740
12,ermekaitygulov,84900
12,evgerher1,194220
12,fahenrgeit,9240
12,fiztehno,519660
12,fizyamat,473940
12,folkl,337440
12,fomin.fyodor,377760
12,frantotti,253380
12,gimme_danger,369360
12,gosix22,170880
12,hanna_by,520500
12,happycookie,362160
12,happyhooter,17460
12,heaphop,524040
12,ildarcho,278580
12,impersonalis,125220
12,ioiein,19560
12,irina_shch,316320
12,ivangood67,8820
12,kadetfrolov,19380
12,kat6123,360240
12,kay_si,433800
12,kbrodt,16680
12,ketzer,4140
12,kpotoh,97500
12,krtch,171300
12,krveronika0191,503100
12,kudriashovs,526440
12,kushok,117060
12,lKoteuka,9300
12,lainer991,345240
12,linatka,328740
12,llevcono,518460
12,makhanko.maksim89,233820
12,mapryl,438060
12,markhubbatulin,246060
12,marsenyi,12600
12,maryia,518220
12,maxima1ist,6300
12,mikhail.gashkov,63300
12,mivankin,70500
12,mlyundin,15360
12,mmcclure,100980
12,munin.evgenii,8040
12,mzav,527220
12,nati,6660
12,naumovsk,13500
12,neurophysicist,197280
12,ngkishmaria,9540
12,ningeen,530460
12,nordream,255180
12,norron,354420
12,obatek,234480
12,obkyrush,517380
12,okate88,268080
12,old.flanigan,338460
12,oleg_nazarov,164580
12,olegshchegolev,543180
12,olga.novitskaya,370140
12,ooptyp,17580
12,pankratova.dasha,13020
12,pikadzilla,507180
12,plato_001,445200
12,plokoon,17640
12,polikutinevgeny,44040
12,pollytur,530520
12,raisedtoward,464940
12,robspb,541500
12,rodion.latypov,526620
12,roman.4erkasov,97560
12,roman.novokshanov,14280
12,rritka,273960
12,rsnetkov,518520
12,sabraganets,423780
12,semenalekhin,536160
12,sera,251220
12,sergey_msu,75780
12,sergeyryabukhin,390840
12,shatty,535140
12,shubinsa,401700
12,sinyaevmaxim,199920
12,siraziev,264240
12,soldatenkoes,450540
12,spin_to_win,442920
12,teazizov,522960
12,titika2013,366660
12,torrero,252840
12,ubivawka,233760
12,user_vi,161880
12,vasikos,347760
12,viconstel,253200
12,vivaXAPOH,116280
12,vl.n.ermakov,528660
12,vladimirzenin,436860
12,vlbakulev,361860
12,vzava,531540
12,wrath90,370680
12,wunder9l,455580
12,x-exciter,341040
12,xluttiy,194280
12,ya_demidova,165660
12,yakorovka,450480
12,yashinrostislav,365520
12,yunusovev,368940
12,zitimalex,453120
12,zmazak0,461460
13,"0991798574n",359160
13,"148512",219240
13,Alexander_Koshelev,115200
13,AlinaZemlev,346860
13,Andrei_Belenko,451080
13,Arhimisha,432300
13,Artem1989,503760
13,ArtemTsukanov,13920
13,Artem_Dronov,448440
13,Asd_zxc,410400
13,Aver_Power,240540
13,BasharovIlya,535260
13,CoolHawk,534000
13,Cosinus0,416040
13,DeutschGraf,516720
13,Egorokm19,155400
13,Fianketto,138300
13,Gra37,452580
13,GreySS,535140
13,IMDxD,85500
13,IVyazmin,263700
13,IlyaPCP,331320
13,IlyasLatypov,536820
13,Jeditem,466260
13,JessSmith,515940
13,JustML,516000
13,KernelA,21960
13,KuznetsovLeonid,361320
13,Lubov_Kudrenok,274860
13,MakhmutovaLiliya,495180
13,MargaritaNik,490860
13,Mary222,528480
13,Mornie,22680
13,Mykolesiko,444480
13,Nubithenoob,455040
13,Oleg__Trusov,530040
13,PavelMeld,374880
13,Pavel_shalnov,452820
13,PustotaPetr,277320
13,Pyo,365040
13,Rammi,360840
13,Ripper_1011,362340
13,Robur,377400
13,Safin,535320
13,SergeyNefedov,32940
13,ShevchukAlex,534420
13,Unmagian,538560
13,Vetik,511380
13,Wag0nWheels,257700
13,Zmeyoff,531240
13,_ctacukoc_,69300
13,a.m.tsitulskiy,289740
13,a.starikov,14880
13,abramova.katia,439740
13,adement,440340
13,adil17ds,533400
13,ainureg,536760
13,albert_goryaeff,503100
13,alekandr.tarelkin,196080
13,alekxd,426600
13,alexey_opolchenov,520560
13,alimantu,531240
13,alishabr,435480
13,ananasnya,75960
13,andreiAP,467580
13,andrey91,18060
13,androidegsensation,372960
13,aniko,27960
13,ann_gerasimchik,326700
13,artfowl,447960
13,artysav97,200880
13,asv715,337440
13,asyash26,281100
13,azapletin,534960
13,babina.daria,161400
13,berlios,371700
13,biquaternion,364740
13,cherninkiy,452100
13,cmepthbiu,155820
13,cvetvitaly,176520
13,cyrus_msk,372720
13,d.a.gornostaev,538080
13,danya_hm,355860
13,dirvuk,377580
13,dkulemin,489480
13,dominator124,95640
13,dyakin.nikolay,28320
13,empty_kettle,522720
13,erik_mv,328020
13,ermekaitygulov,403200
13,evgerher1,528720
13,fahenrgeit,255240
13,folkl,529260
13,fomin.fyodor,523980
13,gimme_danger,367680
13,hanna_by,503460
13,happycookie,403140
13,ildarcho,281700
13,impersonalis,119520
13,kadetfrolov,6720
13,kaip,536520
13,kay_si,528540
13,kbrodt,117180
13,ketzer,17880
13,kpotoh,457560
13,kudriashovs,524520
13,lKoteuka,18660
13,lainer991,521400
13,linatka,539940
13,llevcono,375300
13,makhanko.maksim89,348360
13,mapryl,511140
13,markhubbatulin,514620
13,maryia,539340
13,maxima1ist,327840
13,mikhail.gashkov,314340
13,mivankin,325620
13,mmcclure,511080
13,munin.evgenii,188760
13,mzav,528780
13,naumovsk,41880
13,neurophysicist,29820
13,ngkishmaria,521760
13,ningeen,532920
13,nordream,262020
13,obatek,539220
13,obkyrush,528540
13,okate88,532920
13,old.flanigan,361080
13,oleg_nazarov,360120
13,olegshchegolev,249780
13,olga.novitskaya,363180
13,ooptyp,536880
13,pankratova.dasha,171960
13,pikadzilla,520260
13,plato_001,531180
13,plokoon,185040
13,polikutinevgeny,156300
13,pollytur,451140
13,robspb,464520
13,rritka,440640
13,rsnetkov,502800
13,sabraganets,517620
13,sergey_msu,75660
13,shatty,538620
13,shubinsa,383160
13,siraziev,433920
13,soldatenkoes,513600
13,teazizov,364260
13,titika2013,416820
13,torrero,527520
13,ubivawka,318360
13,user_vi,180360
13,vasikos,440400
13,viconstel,275880
13,vkorennoj,515520
13,vl.n.ermakov,536700
13,vladimirzenin,289260
13,vzava,365400
13,wrath90,526020
13,wunder9l,463500
13,x-exciter,337200
13,xluttiy,410520
13,ya_demidova,334920
13,yakorovka,371220
13,yashinrostislav,526860
13,yunusovev,457800
13,zitimalex,506760
13,zmazak0,520680
